id,full_address,lon,lat,vehicleTypes.car,vehicleTypes.bike,vehicleTypes.motorbike,isFastCharge,plugTypes,powerRange.min,powerRange.max
5ddd0ec809ad0c001291250f,"41, Burggrevegatan Göteborg VÄSTRA GÖTALAND",11.9839911,57.710159,TRUE,TRUE,TRUE,TRUE,,50,50
5ca4a787ad356b0011f06ecc,"3, Polhemsplatsen Göteborg NA",11.9780015,57.70823790000001,TRUE,TRUE,TRUE,FALSE,,22,22
5bc331206ac45700109a3007,"59, Södra Hamngatan Göteborg VÄSTRA GÖTALAND",11.9727571,57.70711189999999,TRUE,TRUE,TRUE,FALSE,,22,22
5bc36a57c914260010574588,Södra Hamngatan 59 Göteborg NA,11.9727571,57.70711189999999,TRUE,FALSE,FALSE,FALSE,,22,22
64508d1560ec9387ca95116a,Nordstans P-Hus null  GÖTEBORG VÄSTRA GÖTALAND,11.9689668,57.70942720000001,TRUE,FALSE,FALSE,FALSE,,3.7,11
5bc3313e6ac45700109a4044,"14, Spannmålsgatan Göteborg VÄSTRA GÖTALAND",11.9676717,57.7092274,TRUE,TRUE,TRUE,FALSE,,3.6,3.6
606250e6d15e7500180fc863,"6, Bergslagsgatan Göteborg VÄSTRA GÖTALAND",11.982778,57.71479300000001,TRUE,TRUE,TRUE,TRUE,,22,50
6344d002f59d7400259f8ffd,Parkgatan 37 Gothenburg Västra Götalands län,11.97721,57.70350999999999,TRUE,FALSE,FALSE,TRUE,,22,50
64795c4460ec9387caff86fa,"17, Ullevigatan Göteborg NA",11.9837257,57.70647659999999,FALSE,FALSE,FALSE,TRUE,,150,150
600608cdb2822b0018c5dfc4,"37, Parkgatan Göteborg VÄSTRA GÖTALAND",11.97721,57.70350999999999,TRUE,TRUE,TRUE,TRUE,,22,50
5bc36a7dc914260010575fb7,Kungstorget 9 Göteborg NA,11.9682361,57.70397670000001,TRUE,FALSE,FALSE,FALSE,,11,11
600608cdb2822b0018c5df69,"37, Parkgatan Göteborg VÄSTRA GÖTALAND",11.97721,57.70350999999999,TRUE,TRUE,TRUE,TRUE,,22,50
5ca4a9c4ad356b0011f0fbc8,"36, Burggrevegatan Göteborg VÄSTRA GÖTALAND",11.9841846,57.7102407,TRUE,TRUE,TRUE,FALSE,,22,22
5bc32ef36ac4570010990ebb,"9, Kungstorget Göteborg VÄSTRA GÖTALAND",11.9682361,57.70397670000001,TRUE,TRUE,TRUE,FALSE,,11,11
600608ccb2822b0018c5df42,"35, Parkgatan Göteborg VÄSTRA GÖTALAND",11.975768,57.702929,TRUE,TRUE,TRUE,FALSE,,22,22
60a2b7df67b00800121c7a0c,"1, Kungsparken Göteborg VÄSTRA GÖTALAND",11.9707649,57.70254569999999,TRUE,TRUE,TRUE,FALSE,,22,22
5ca4a863ad356b0011f09a60,Ullevigaraget Göteborg VÄSTRA GÖTALAND,11.9875457,57.7063135,TRUE,TRUE,TRUE,FALSE,,22,22
5bc36a57c91426001057456c,Kungsportsavenyn 6 Gothenburg NA,11.9739829,57.70169799999999,TRUE,FALSE,FALSE,FALSE,,11,11
5bc3311e6ac45700109a2ea9,"6, Kungsportsavenyn Göteborg VÄSTRA GÖTALAND",11.9739829,57.70169799999999,TRUE,TRUE,TRUE,FALSE,,11,11
5bc331d26ac45700109a80a6,"7 ,Packhusplatsen GÖTEBORG VÄSTRA GÖTALAND",11.9594055,57.70767910000001,TRUE,TRUE,TRUE,TRUE,,22,50
5e4ec3056b392c0012283fa5,Gullbergsvassgatan Göteborg VÄSTRA GÖTALAND,11.9885749,57.7164235,TRUE,TRUE,TRUE,FALSE,,3.6,3.6
5e4ec2b66b392c0012283e36,"17D, Skånegatan Göteborg VÄSTRA GÖTALAND",11.9845572,57.70253040000001,TRUE,TRUE,TRUE,FALSE,,3.6,3.6
5bc330746ac457001099e347,"34E, Engelbrektsgatan Göteborg VÄSTRA GÖTALAND",11.9807996,57.70088749999999,TRUE,TRUE,TRUE,TRUE,,22,50
6344d002f59d7400259f900f,Johan Willins Gata 2 Gothenburg Västra Götalands län,11.990847,57.70791879999999,TRUE,FALSE,FALSE,TRUE,,22,50
5ca4a8d8ad356b0011f0ba53,"3, Johan Willins gata Göteborg VÄSTRA GÖTALAND",11.9915356,57.70780739999999,TRUE,TRUE,TRUE,FALSE,,22,22
5bc331d66ac45700109a8206,"1, Skeppsbroplatsen Göteborg VÄSTRA GÖTALAND",11.97456,57.70887,TRUE,TRUE,TRUE,FALSE,,11,11
6344d001f59d7400259f8f1b,Engelbrektsgatan 34E Gothenburg Västra Götalands län,11.9807996,57.70088749999999,TRUE,FALSE,FALSE,TRUE,,22,50
62afd4f21cbb3006c40d0f2e,Södra vägen 23 Göteborg VÄSTRA GÖTALAND,11.9775986,57.7000955,TRUE,TRUE,TRUE,FALSE,,11,11
5ddd0d4409ad0c0012911403,"2, Engelbrektsgatan Göteborg VÄSTRA GÖTALAND",11.9667313,57.6967314,TRUE,TRUE,TRUE,FALSE,,3.6,3.6
5bc330976ac457001099e663,"2, Johan Willins gata Göteborg VÄSTRA GÖTALAND",11.990847,57.70791879999999,TRUE,TRUE,TRUE,TRUE,,22,50
5bc36a86c91426001057649b,Johan willins gata GÖTEBORG Västra götaland,11.9915363,57.7084784,TRUE,FALSE,FALSE,TRUE,,0,48
5bc32f856ac4570010995e4a,Heden Göteborg VÄSTRA GÖTALAND,11.985057,57.7044493,TRUE,TRUE,TRUE,FALSE,,3.6,3.6
5d07a01e53fb120019a5ce4b,Falutorget Göteborg VÄSTRA GÖTALAND,11.9813363,57.7169216,TRUE,TRUE,TRUE,TRUE,,150,150
5ca4a9b5ad356b0011f0f86a,"4, Sahlgrensgatan Göteborg VÄSTRA GÖTALAND",11.963218,57.7012627,TRUE,TRUE,TRUE,FALSE,,22,22
5bc3314d6ac45700109a4c31,"1, Rantorget Göteborg VÄSTRA GÖTALAND",11.9922962,57.7087561,TRUE,TRUE,TRUE,TRUE,,22,50
64bcea317194eb2747b09d15,Fabriksgatan 1 GÖTEBORG VÄSTRA GÖTALAND,11.99257,57.7063966,TRUE,FALSE,FALSE,FALSE,,22,22
5bea503d4405f90018e1ae94,"18, Skånegatan Göteborg VÄSTRA GÖTALAND",11.9869731,57.7016669,TRUE,TRUE,TRUE,FALSE,,22,22
5bc32f076ac4570010991d83,"12, Gjutgärnsgatan Göteborg VÄSTRA GÖTALAND",11.9668972,57.7174751,TRUE,TRUE,TRUE,FALSE,,3.6,3.7
600607d3b2822b0018c5d742,"37, Södra Vägen Göteborg VÄSTRA GÖTALAND",11.9799907,57.6982355,TRUE,TRUE,TRUE,FALSE,,22,22
5bc36a6ac914260010574f32,1 Skepsbroplatsen Göteborg NA,11.97456,57.70887,TRUE,FALSE,FALSE,FALSE,,11,11
60abf29cbb1da4001231e19b,"6, Valhallagatan Göteborg VÄSTRA GÖTALAND",11.9904506,57.70088130000001,TRUE,TRUE,TRUE,FALSE,,22,22
60da1156db454c00137dc8d3,"19, Vasagatan Göteborg VÄSTRA GÖTALAND",11.9683001,57.69741039999999,TRUE,TRUE,TRUE,FALSE,,22,22
5e4ec2c96b392c0012283e61,"5, Fågelsången Göteborg VÄSTRA GÖTALAND",11.9818267,57.6969026,TRUE,TRUE,TRUE,FALSE,,3.6,3.6
600607d1b2822b0018c5d6f5,"2, Ekmansgatan Göteborg VÄSTRA GÖTALAND",11.9777669,57.69610539999999,TRUE,TRUE,TRUE,FALSE,,22,22
5bc3316b6ac45700109a6420,"13, Viktoriagatan Göteborg VÄSTRA GÖTALAND",11.9654382,57.6971216,TRUE,TRUE,TRUE,FALSE,,22,22
5ca4a953ad356b0011f0de50,"3, Skolgatan Göteborg VÄSTRA GÖTALAND",11.9584354,57.6991906,TRUE,TRUE,TRUE,FALSE,,22,22
5e4ec2d06b392c0012283e67,Lilla Olskroksgatan Göteborg VÄSTRA GÖTALAND,11.9961853,57.7152217,TRUE,TRUE,TRUE,FALSE,,3.6,3.6
5bc330d26ac45700109a0264,"24, Mässans gata Göteborg VÄSTRA GÖTALAND",11.9890381,57.6973466,TRUE,TRUE,TRUE,FALSE,,11,11
5bc36a86c914260010576487,Mässans Gata 24 Göteborg NA,11.9890381,57.6973466,TRUE,FALSE,FALSE,FALSE,,15,15
5ca4a9a8ad356b0011f0f3fb,"22, Pilgatan Göteborg VÄSTRA GÖTALAND",11.9596662,57.69710139999999,TRUE,TRUE,TRUE,FALSE,,22,22
5ca4a99aad356b0011f0ee2d,"12, Kapellgatan Göteborg VÄSTRA GÖTALAND",11.9730833,57.6946913,TRUE,TRUE,TRUE,FALSE,,22,22
5bea4f8b4405f90018e1a103,"8, Anders Carlssons gata Göteborg VÄSTRA GÖTALAND",11.947496,57.70845759999999,TRUE,TRUE,TRUE,FALSE,,22,22
5ddd0d4a09ad0c001291141e,Valhallagatan Göteborg VÄSTRA GÖTALAND,11.9895719,57.7002202,TRUE,TRUE,TRUE,FALSE,,3.6,3.6
5ddd0d3b09ad0c00129113dd,Fabriksgatan Göteborg VÄSTRA GÖTALAND,11.9932089,57.7025659,TRUE,TRUE,TRUE,FALSE,,3.6,3.6
657547ba7194eb27475e7f83,Järntorget 8 VÄSTRA FRÖLUNDA VÄSTRA GÖTALAND,11.95291,57.69959000000001,TRUE,FALSE,FALSE,FALSE,,11,11
5ca4a998ad356b0011f0ed59,"15, Anders Carlssons gata Göteborg VÄSTRA GÖTALAND",11.94767,57.70713389999999,TRUE,TRUE,TRUE,FALSE,,22,22
5c9f656fad356b0011efd222,"2, Lindholmsallen GÖTEBORG NA",11.948823,57.7132789,FALSE,FALSE,FALSE,FALSE,,NA,NA
6034303cd15e750018f6417d,"13, Amund Grefwegatan Göteborg VÄSTRA GÖTALAND",11.972418,57.69323670000001,TRUE,TRUE,TRUE,FALSE,,22,22
5ca4a7c9ad356b0011f07f7e,"4, Therese Svenssons gata Göteborg VÄSTRA GÖTALAND",11.9442349,57.70772520000001,TRUE,TRUE,TRUE,FALSE,,22,22
61491b615e3f0400145ca05b,Emigrantvägen 20 Göteborg VÄSTRA GÖTALAND,11.9460751,57.70134110000001,TRUE,TRUE,TRUE,FALSE,,11,11
602af183d15e750018f0e1b0,"2, Regnbågsgatan Göteborg VÄSTRA GÖTALAND",11.9440945,57.71095,TRUE,TRUE,TRUE,FALSE,,22,22
5ddd0e0009ad0c0012911ba4,Theres Svenssons Gata 9 Göteborg VÄSTRA GÖTALAND,11.9435252,57.70717409999999,TRUE,TRUE,TRUE,FALSE,,3.6,3.6
5bea51f94405f90018e1c01a,"8, Landalagatan Göteborg VÄSTRA GÖTALAND",11.9712285,57.6922698,TRUE,TRUE,TRUE,FALSE,,22,22
5e4ec2b56b392c0012283e1f,Stena Danmarksterminalen Göteborg VÄSTRA GÖTALAND,11.9484475,57.7015173,TRUE,TRUE,TRUE,FALSE,,3.6,3.6
5ca4a867ad356b0011f09c5e,"2, Plantagegatan Göteborg VÄSTRA GÖTALAND",11.9483506,57.69700020000001,TRUE,TRUE,TRUE,FALSE,,22,22
5f0e226304f9340013bd156a,Lillla Bommen 6 Göteborg NA,11.9685914,57.7122675,FALSE,FALSE,FALSE,FALSE,,7.7,26.6
5ca4a7d2ad356b0011f08205,"1, Brunnsgatan Göteborg VÄSTRA GÖTALAND",11.9581107,57.6935959,TRUE,TRUE,TRUE,FALSE,,3.6,3.6
60a2b80e67b00800121c7adb,Nobelplatsen Göteborg VÄSTRA GÖTALAND,12.0064735,57.7139979,TRUE,TRUE,TRUE,FALSE,,22,22
5bc331c76ac45700109a788f,"6, Prästgårdsängen Göteborg VÄSTRA GÖTALAND",12.0070555,57.7059317,TRUE,TRUE,TRUE,FALSE,,11,11
5bc331ff6ac45700109a99c7,Krokegårdsgatan Göteborg VÄSTRA GÖTALAND,11.9510857,57.7216743,TRUE,TRUE,TRUE,TRUE,,22,50
5bc36a1bc9142600105729af,Lindholmspiren 4 Gothenburg NA,11.9407464,57.7080689,TRUE,FALSE,FALSE,FALSE,,22,22
6089e9b4d15e7500181c2e34,Lindholmspiren 2 NA NA,11.9402422,57.7084767,FALSE,FALSE,FALSE,FALSE,,11,22
5bc330b46ac457001099eba8,"2, Backavägen Göteborg VÄSTRA GÖTALAND",11.9555001,57.72202420000001,TRUE,TRUE,TRUE,FALSE,,3.6,3.6
5ebdda93d85dc20012100f40,"70, Södra Vägen Göteborg VÄSTRA GÖTALAND",11.9916943,57.6926273,TRUE,TRUE,TRUE,FALSE,,3.6,3.6
5e4ec2be6b392c0012283e54,"13, Vågmästaregatan Göteborg VÄSTRA GÖTALAND",11.9470242,57.7201227,TRUE,TRUE,TRUE,FALSE,,3.6,3.6
62b90f821cbb3006c4166c06,"6, Prästgårdsängen Göteborg VÄSTRA GÖTALAND",12.0070555,57.7059317,TRUE,TRUE,TRUE,FALSE,,11,11
60a2b82c67b00800121c7b29,"1, Lindholmspiren Göteborg VÄSTRA GÖTALAND",11.939725,57.7082626,TRUE,TRUE,TRUE,FALSE,,22,22
5bc331656ac45700109a5fa2,"1, Humoreskgatan Hisings backa VÄSTRA GÖTALAND",11.9717124,57.7278524,TRUE,TRUE,TRUE,FALSE,,22,22
5bc3312d6ac45700109a3a97,"5A, Lindholmspiren Göteborg VÄSTRA GÖTALAND",11.9400502,57.7070193,TRUE,TRUE,TRUE,FALSE,,3.6,3.6
5bc331f76ac45700109a966b,"5, Lindholmspiren Göteborg VÄSTRA GÖTALAND",11.9401762,57.70699940000001,TRUE,TRUE,TRUE,TRUE,,22,50
61888531b5cf471df425a2ad,"6, Richertsgatan Göteborg VÄSTRA GÖTALAND",11.9837477,57.68999549999999,TRUE,TRUE,TRUE,FALSE,,22,22
6344d002f59d7400259f8f8b,Richertsgatan 6 Gothenburg Västra Götalands län,11.9837477,57.68999549999999,TRUE,FALSE,FALSE,FALSE,,22,22
5e4ec2d46b392c0012283e6d,"30, Lindholmsallén Göteborg VÄSTRA GÖTALAND",11.9379282,57.7078772,TRUE,TRUE,TRUE,FALSE,,3.6,3.6
5bc32fa46ac45700109973af,Getebergsled Göteborg VÄSTRA GÖTALAND,11.9958946,57.6898275,TRUE,TRUE,TRUE,FALSE,,3.6,3.6
5ca4a8d1ad356b0011f0b812,"44, Andra långgatan Göteborg VÄSTRA GÖTALAND",11.9424167,57.69831239999999,TRUE,TRUE,TRUE,FALSE,,22,22
5e4ec3016b392c0012283f27,Nellickevägen Göteborg VÄSTRA GÖTALAND,11.9961204,57.690285,TRUE,TRUE,TRUE,FALSE,,7.4,7.4
5bea4f834405f90018e19ff1,"17, Fjällgatan Göteborg VÄSTRA GÖTALAND",11.941858,57.6958972,TRUE,TRUE,TRUE,FALSE,,22,22
5f1364bc1409840013856323,"30, Gustaf Dahlensgatan Göteborg VÄSTRA GÖTALAND",11.9449759,57.7240752,TRUE,TRUE,TRUE,FALSE,,3.6,3.6
5bc331fb6ac45700109a97b5,"1, Linnéplatsen Göteborg VÄSTRA GÖTALAND",11.9507701,57.6906724,TRUE,TRUE,TRUE,TRUE,,22,50
60da1175db454c00137dc93d,"55, Vegagatan Göteborg VÄSTRA GÖTALAND",11.9478907,57.6906903,TRUE,TRUE,TRUE,FALSE,,22,22
637d99bc245f61d7cafca0b4,Ångpannegatan 18 Göteborg NA,11.946113,57.7282832,FALSE,FALSE,FALSE,TRUE,,43,50
5ca4a9baad356b0011f0fa31,"15, Exportgatan Hisings backa VÄSTRA GÖTALAND",11.9890924,57.7317991,TRUE,TRUE,TRUE,FALSE,,3.6,3.6
5bc32f676ac45700109947f4,"4, Vintergatan Göteborg VÄSTRA GÖTALAND",11.9289149,57.7098228,TRUE,TRUE,TRUE,FALSE,,11,11
635744a2f59d7400252471e6,Ångpannegatan 18 NA NA,11.946113,57.7282832,TRUE,FALSE,FALSE,TRUE,,44,50
5bea503d4405f90018e1ae56,Miraallén Göteborg VÄSTRA GÖTALAND,11.928514,57.7056563,TRUE,TRUE,TRUE,FALSE,,22,22
5bc36af5c914260010578b01,Cronackersgatan Göteborg NA,11.9274514,57.7101326,TRUE,FALSE,FALSE,FALSE,,3.68,3.68
5bc32fc16ac4570010998871,"2A, Amerikaskjulet Göteborg VÄSTRA GÖTALAND",11.9316422,57.70007129999999,TRUE,TRUE,TRUE,FALSE,,3.6,3.6
613fe0fd5e3f0400145c4ea7,"2, Medicinaregatan Göteborg VÄSTRA GÖTALAND",11.9627207,57.6845929,TRUE,TRUE,TRUE,FALSE,,22,22
5ca4a9d8ad356b0011f104df,"3, Wieselgrensgatan Göteborg VÄSTRA GÖTALAND",11.9343327,57.7222502,TRUE,TRUE,TRUE,FALSE,,22,22
603d66bed15e750018fa63f3,"15, Drivhusgatan Göteborg VÄSTRA GÖTALAND",11.9957672,57.6855302,TRUE,TRUE,TRUE,FALSE,,11,11
6475761360ec9387ca532adc,Exportgatan 6 Hisings Backa NA,11.9865194,57.7344452,FALSE,FALSE,FALSE,TRUE,,22,150
5bc331656ac45700109a5f18,"13, Djurgårdsgatan Göteborg VÄSTRA GÖTALAND",11.9310102,57.6979188,TRUE,TRUE,TRUE,FALSE,,22,22
5ca4a9d9ad356b0011f1057f,"9, Doktor Liborius gata Göteborg VÄSTRA GÖTALAND",11.9768025,57.6826824,TRUE,TRUE,TRUE,FALSE,,22,22
64508d1460ec9387ca9510c5,Gropegårdsgatan 10 GÖTEBORG VÄSTRA GÖTALAND,11.920893,57.7168884,TRUE,FALSE,FALSE,FALSE,,11,11
6344d002f59d7400259f9021,Exportgatan 6 Gothenburg Västra Götalands län,11.9865194,57.7344452,TRUE,FALSE,FALSE,TRUE,,22,100
629ad5af1cbb3006c44b479d,Exportgatan 6 Hisings Backa NA,11.9865194,57.7344452,FALSE,FALSE,FALSE,TRUE,,22,150
5bc331696ac45700109a62bc,"11, Kaptensgatan Göteborg VÄSTRA GÖTALAND",11.9281221,57.69775730000001,TRUE,TRUE,TRUE,FALSE,,22,22
628aec4c65a5e7c65b718d33,"1, Doktor Lindhs Gata Göteborg VÄSTRA GÖTALAND",11.9676688,57.6817749,TRUE,TRUE,TRUE,FALSE,,7.4,7.4
612439a35e3f0400145b672c,Fridkullagatan 18G Göteborg NA,11.988351,57.6812017,FALSE,FALSE,FALSE,FALSE,,10,22
5bc330156ac457001099bf25,"1, Hornsgatan Göteborg VÄSTRA GÖTALAND",12.01363,57.72808089999999,TRUE,TRUE,TRUE,FALSE,,3.6,3.6
5bc331e46ac45700109a8924,"1, Kolhamnsgatan Göteborg VÄSTRA GÖTALAND",11.9208141,57.7093818,TRUE,TRUE,TRUE,TRUE,,22,50
64508d2060ec9387ca951510,Särögatan 10 GÖTEBORG VÄSTRA GÖTALAND,11.9513156,57.6835268,TRUE,FALSE,FALSE,FALSE,,11,11
5bc331666ac45700109a606b,"2, Colliandersgatan Göteborg VÄSTRA GÖTALAND",12.0241036,57.7229153,TRUE,TRUE,TRUE,TRUE,,22,50
5e4ec3276b392c00122840bc,"9, Olbergsgatan Göteborg VÄSTRA GÖTALAND",12.0299008,57.7041245,TRUE,TRUE,TRUE,FALSE,,11,11
5ebddadfd85dc20012100ffd,"2b, Grafiska vägen Göteborg VÄSTRA GÖTALAND",12.0030508,57.6830352,TRUE,TRUE,TRUE,FALSE,,3.6,3.6
5bc331696ac45700109a6319,"13, Doktor Westrings gata Göteborg VÄSTRA GÖTALAND",11.9761357,57.67888259999999,TRUE,TRUE,TRUE,FALSE,,22,22
64508d1460ec9387ca95109d,Volvo Lastvagnar - GC - Gropegårdsgatan 11 GÖTEBORG VÄSTRA GÖTALAND,11.9237404,57.7167624,TRUE,FALSE,FALSE,FALSE,,3.7,3.7
628aec2e65a5e7c65b70165c,Torpavallsgatan 2 Göteborg VÄSTRA GÖTALAND,12.025393,57.7232476,TRUE,TRUE,TRUE,TRUE,,50,150
603d66ccd15e750018fa641b,"77, Östra Eriksbergsgatan Göteborg VÄSTRA GÖTALAND",11.916959,57.70230379999999,TRUE,TRUE,TRUE,FALSE,,11,11
5ddd0e0f09ad0c0012911dd7,"2, Mejerigatan Göteborg VÄSTRA GÖTALAND",12.0092749,57.68288159999999,TRUE,TRUE,TRUE,FALSE,,11,11
5ca4a957ad356b0011f0dff8,"1, Betzensgatan Göteborg VÄSTRA GÖTALAND",11.9209718,57.6953579,TRUE,TRUE,TRUE,FALSE,,22,22
5bea4f844405f90018e1a038,mejerigatan GÖTEBORG VÄSTRA GÖTALAND,12.0084447,57.6830154,TRUE,TRUE,TRUE,FALSE,,11,11
5d8e6fc6b6ad260012df7762,Grafiska vägen 16 Göteborg NA,12.0037585,57.6832425,FALSE,FALSE,FALSE,FALSE,,22,22
5bc331f16ac45700109a9333,"4C, Torpavallsgatan Göteborg VÄSTRA GÖTALAND",12.0294198,57.72431289999999,TRUE,TRUE,TRUE,TRUE,,43,50
5bc331ea6ac45700109a8ea7,"3, Studiegången Göteborg VÄSTRA GÖTALAND",12.037258,57.7152013,TRUE,TRUE,TRUE,FALSE,,11,11
6575479a7194eb27475e7e84,Exportgatan 26 HISINGS BACKA VÄSTRA GÖTALAND,11.9935302,57.74209339999999,TRUE,FALSE,FALSE,FALSE,,11,11
5bc330ec6ac45700109a14a6,"2, Katrinedalsgatan Göteborg VÄSTRA GÖTALAND",12.0031279,57.6775623,TRUE,TRUE,TRUE,FALSE,,22,22
657547a57194eb27475e7ebd,Torpavallsgatan 6 GÖTEBORG VÄSTRA GÖTALAND,12.0333536,57.72508599999999,TRUE,FALSE,FALSE,FALSE,,11,11
5bea51f94405f90018e1bfeb,"3-5, Uddeholmsgatan Göteborg VÄSTRA GÖTALAND",12.0422514,57.7244583,TRUE,TRUE,TRUE,FALSE,,22,22
5bc331566ac45700109a5342,"3, Birger Jarlsgatan Göteborg VÄSTRA GÖTALAND",11.9236082,57.6848024,TRUE,TRUE,TRUE,FALSE,,11,11
62b90f8d1cbb3006c41676da,"3, Birger Jarlsgatan Göteborg VÄSTRA GÖTALAND",11.9236082,57.6848024,TRUE,TRUE,TRUE,FALSE,,11,11
62df4b2d8b4a7ee49b4eb321,Hus 2A Gothenburg Västra Götalands län,11.97456,57.70887,TRUE,FALSE,FALSE,FALSE,,0,0
6375b9e3245f61d7caa8c1d4,"29, Skytteskogsgatan Kungsladugård NA",11.9314311,57.68052540000001,FALSE,FALSE,FALSE,FALSE,,22,22
5ca4a8f5ad356b0011f0c31d," 81, Karl Johansgatan Göteborg VÄSTRA GÖTALAND",11.9139864,57.69102969999999,TRUE,TRUE,TRUE,FALSE,,3.6,3.6
6448a8a360ec9387ca43901c,"106B, Kungsladugårdsgatan Göteborg NA",11.9319873,57.679677,FALSE,FALSE,FALSE,FALSE,,11,11
5bc32eb46ac457001098e6d4,"8-10, Knipplekullen Göteborg VÄSTRA GÖTALAND",11.9438155,57.7422073,TRUE,TRUE,TRUE,FALSE,,11,11
5bc331fb6ac45700109a979e,"81, Karl Johansgatan Göteborg VÄSTRA GÖTALAND",11.9139864,57.69102969999999,TRUE,TRUE,TRUE,TRUE,,22,50
5bc36a7ac914260010575c9e,Knipplekullen 8-10 Gothenburg NA,11.944505,57.74385410000001,TRUE,FALSE,FALSE,FALSE,,11,11
5bc36a79c914260010575b7f,Adolf Edelsvärds Gata 5 Göteborg NA,11.9091627,57.6916817,TRUE,FALSE,FALSE,FALSE,,11,11
5bc331206ac45700109a2ff7,"5, Adolf Edelsvärds gata Göteborg VÄSTRA GÖTALAND",11.9091627,57.6916817,TRUE,TRUE,TRUE,FALSE,,11,11
610c7e3ae579990013828c78,Fredåsgatan 13 Mölndal NA,12.0080904,57.6738361,FALSE,FALSE,FALSE,FALSE,,10,22
5bc32faa6ac457001099783e,"5, Adolf Edelsvärds gata Göteborg VÄSTRA GÖTALAND",11.9091627,57.6916817,TRUE,TRUE,TRUE,FALSE,,3.6,3.6
5bc330c16ac457001099f443,"1, Importgatan Hisings backa VÄSTRA GÖTALAND",11.9921246,57.74695080000001,TRUE,TRUE,TRUE,TRUE,,22,50
5f7ce218e08eff001bf8bc30,"100, Göteborgsvägen Mölndal VÄSTRA GÖTALAND",12.0093455,57.6742593,TRUE,TRUE,TRUE,FALSE,,11,11
5bc36a35c9142600105734c7,"100, Göteborgsvägen Mölndal NA",12.0093455,57.6742593,TRUE,TRUE,TRUE,FALSE,,22,22
5bc32fff6ac457001099b33f,"1, Rimmaregatan Hisings backa VÄSTRA GÖTALAND",11.9852743,57.7480328,TRUE,TRUE,TRUE,FALSE,,22,22
5bc32f056ac4570010991be7,"10, Backa Strandgata Hisings backa VÄSTRA GÖTALAND",11.9994973,57.74633369999999,TRUE,TRUE,TRUE,FALSE,,22,22
64508d2060ec9387ca951522,Solhusgatan 11 GÖTEBORG VÄSTRA GÖTALAND,12.0192881,57.6773893,TRUE,FALSE,FALSE,FALSE,,3.7,3.7
600608cdb2822b0018c5dfdd,"96, Göteborgsvägen Mölndal VÄSTRA GÖTALAND",12.0095433,57.67395670000001,TRUE,TRUE,TRUE,FALSE,,11,11
5bc32f796ac457001099542f,"1, Klippan Göteborg VÄSTRA GÖTALAND",11.9077859,57.6904173,TRUE,TRUE,TRUE,FALSE,,3.6,3.6
5bc36a73c914260010575627,"2, Importgatan Hisings Backa NA",11.9942723,57.747523,FALSE,FALSE,FALSE,TRUE,,43,50
6344d003f59d7400259f907b,Bäckebolsvägen 2 Gothenburg Västra Götalands län,11.9885878,57.748909,TRUE,FALSE,FALSE,TRUE,,50,150
5bc330226ac457001099c590,"2, Importgatan Hisings backa VÄSTRA GÖTALAND",11.9942723,57.747523,TRUE,TRUE,TRUE,TRUE,,43,50
628aec2d65a5e7c65b70161f,Bäckebolsvägen 2 Hisings backa VÄSTRA GÖTALAND,11.9885878,57.748909,TRUE,TRUE,TRUE,TRUE,,50,150
64508d0e60ec9387ca94fe95,von Utfallsgatan 16B GÖTEBORG VÄSTRA GÖTALAND,12.0392954,57.7305234,TRUE,FALSE,FALSE,FALSE,,3.7,3.7
64508d2160ec9387ca951536,Flöjelbergsgatan 14C MÖLNDAL VÄSTRA GÖTALAND,12.0135621,57.673657,TRUE,FALSE,FALSE,FALSE,,3.7,3.7
5ca4a93bad356b0011f0d7a0,Bäckebolsvägen Hisingsbacka NA,11.9907528,57.7517579,TRUE,TRUE,TRUE,FALSE,,22,22
6344d007f59d7400259f94c7,Bäckebolsvägen Gothenburg Västra Götalands län,11.9907528,57.7517579,TRUE,FALSE,FALSE,FALSE,,22,22
5bc331516ac45700109a4f54,"18, Backa Bergögata Hisings backa VÄSTRA GÖTALAND",12.0013624,57.7481433,TRUE,TRUE,TRUE,FALSE,,22,22
64508d1260ec9387ca95089c,"Östra sjukhuset, Smörslottsgatan -  GÖTEBORG VÄSTRA GÖTALAND",12.0499155,57.7218889,TRUE,FALSE,FALSE,FALSE,,11,11
5bc331ee6ac45700109a91e0,"3, J A Fagerbergs väg Göteborg VÄSTRA GÖTALAND",12.0269677,57.6770674,TRUE,TRUE,TRUE,TRUE,,22,50
64508d1260ec9387ca950b6d,Östra Sjukhuset Göteborg - Vitaminvägen 10 GÖTEBORG VÄSTRA GÖTALAND,12.0525176,57.71837559999999,TRUE,FALSE,FALSE,FALSE,,22,22
628aeac165a5e7c65b6defb2,"7, Vitaminvägen Göteborg VÄSTRA GÖTALAND",12.0541575,57.7187462,TRUE,TRUE,TRUE,FALSE,,7.4,7.4
5ddd0d4509ad0c001291140e,"1, Krutvägen Göteborg VÄSTRA GÖTALAND",12.03862,57.7376976,TRUE,TRUE,TRUE,FALSE,,3.6,3.6
64508d1160ec9387ca950833,Receptvägen 11 GÖTEBORG VÄSTRA GÖTALAND,12.0523279,57.7228691,TRUE,FALSE,FALSE,TRUE,,100,100
6575479a7194eb27475e7e6e,Importgatan 20 HISINGS BACKA VÄSTRA GÖTALAND,11.9961198,57.7507093,TRUE,FALSE,FALSE,FALSE,,11,11
64bcea477194eb2747b0a1e5,Göteborgsvägen 93B MÖLNDAL VÄSTRA GÖTALAND,12.0093835,57.66837579999999,TRUE,FALSE,FALSE,FALSE,,22,22
5ca4a864ad356b0011f09b59,"84, Kapplandsgatan Göteborg VÄSTRA GÖTALAND",11.931682,57.66986780000001,TRUE,TRUE,TRUE,FALSE,,11,11
64bcea467194eb2747b0a1d3,Flöjelbergsgatan 3 VARBERG HALLAND,12.2520907,57.107118,TRUE,FALSE,FALSE,FALSE,,22,22
64508d2160ec9387ca95160d,Pinnharvsgatan 1 MÖLNDAL VÄSTRA GÖTALAND,11.9941033,57.6630967,TRUE,FALSE,FALSE,FALSE,,11,11
64508d2160ec9387ca95157f,SU Högsbo sjukhus - Tunnlandsgatan 2 VÄSTRA FRÖLUNDA VÄSTRA GÖTALAND,11.9617181,57.68256169999999,TRUE,FALSE,FALSE,FALSE,,22,22
65b4a3670da4863941d9c7fd,"-55, Västra gunnesgärde 1 Tuve NA",11.9337765,57.74958809999999,FALSE,FALSE,FALSE,FALSE,,11,11
5ca4a9dfad356b0011f10815,"10, Temperaturgatan Göteborg VÄSTRA GÖTALAND",11.8916741,57.7320996,TRUE,TRUE,TRUE,FALSE,,22,22
64508d0d60ec9387ca94fdfa,Industrivägen 59 SÄVEDALEN VÄSTRA GÖTALAND,12.0569693,57.7331599,TRUE,FALSE,FALSE,FALSE,,3.7,11
64508d1f60ec9387ca951444,Ruskvädersgatan 22 GÖTEBORG VÄSTRA GÖTALAND,11.8802104,57.70672820000001,TRUE,FALSE,FALSE,FALSE,,22,22
5bc331fa6ac45700109a975a,"2, Transportgatan Hisings backa VÄSTRA GÖTALAND",11.9934182,57.75881140000001,TRUE,TRUE,TRUE,TRUE,,43,50
64508d2260ec9387ca95161a,Mölndals Sjukhus - Vänortsgatan -  MÖLNDAL VÄSTRA GÖTALAND,12.012482,57.661262,TRUE,FALSE,FALSE,FALSE,,11,11
5bc331676ac45700109a60df,Tuve torg Göteborg VÄSTRA GÖTALAND,11.9280533,57.7551635,TRUE,TRUE,TRUE,FALSE,,22,22
64bcea477194eb2747b0a3b0,Konsertgatan 13 VÄSTRA FRÖLUNDA VÄSTRA GÖTALAND,11.9217563,57.6636426,TRUE,FALSE,FALSE,FALSE,,3.7,3.7
5bc331686ac45700109a6192,"21, Hundraårsgatan Göteborg VÄSTRA GÖTALAND",12.0309255,57.7509603,TRUE,TRUE,TRUE,FALSE,,22,22
64508d2260ec9387ca951660,"Mölndals Sjukhus, Södra Ågatan 14 MÖLNDAL VÄSTRA GÖTALAND",12.012482,57.661262,TRUE,FALSE,FALSE,FALSE,,11,11
5bc32f156ac45700109927bc,Distansgatan 40 Frölunda VÄSTRA GÖTALAND,11.9335228,57.6599131,FALSE,FALSE,FALSE,TRUE,,22,50
64508d0d60ec9387ca94fe39,Industrivägen 39 SÄVEDALEN VÄSTRA GÖTALAND,12.0644123,57.7334724,TRUE,FALSE,FALSE,FALSE,,3.7,3.7
657547d97194eb27475e8091,Beatrice Lesslies gata 7 VÄSTRA FRÖLUNDA VÄSTRA GÖTALAND,11.9419412,57.657779,TRUE,FALSE,FALSE,FALSE,,11,11
64f17ecf7194eb27474379e8,"20, Stubbåkersgatan Mölndal NA",11.9877538,57.6551152,FALSE,FALSE,FALSE,FALSE,,22,22
60907579d15e7500181d3ffb,"3, Torggatan Mölndal VÄSTRA GÖTALAND",12.0195112,57.6595685,TRUE,TRUE,TRUE,FALSE,,3.6,3.6
5f877a5d0d3c7200134d8c01,Göteborgsvägen 17 Mölndal NA,12.0145925,57.6573703,FALSE,FALSE,FALSE,FALSE,,22,22
64bcea317194eb2747b09cf6,Halvorsäng 20 GÖTEBORG VÄSTRA GÖTALAND,11.8706179,57.7066385,TRUE,FALSE,FALSE,TRUE,,350,350
628aec2d65a5e7c65b70162c,HALVORSÄNG 20 Göteborg VÄSTRA GÖTALAND,11.8706179,57.7066385,TRUE,TRUE,TRUE,TRUE,,50,150
64f17ecf7194eb27474379bb,"3b, Terrakottagatan Mölndal NA",12.0082307,57.65654379999999,FALSE,FALSE,FALSE,FALSE,,22,22
650bdd1f7194eb2747e570a5,"5, Tempelgatan Mölndal NA",12.0116286,57.65603470000001,FALSE,FALSE,FALSE,FALSE,,22,22
6575c26c7194eb27479ac572,"2, Portogatan Mölndal NA",12.0341313,57.6627427,FALSE,FALSE,FALSE,FALSE,,22,22
5bc32fc26ac457001099892f,"6, Tempelgatan Mölndal VÄSTRA GÖTALAND",12.0110766,57.6560211,TRUE,TRUE,TRUE,FALSE,,3.6,3.6
5e4ec32a6b392c00122840c8,"22, Prästgårdsgatan Mölndal VÄSTRA GÖTALAND",11.985537,57.6523356,TRUE,TRUE,TRUE,FALSE,,11,11
5ed04f9fd85dc2001211fcaf,HALVORSÄNG 20 Göteborg VÄSTRA GÖTALAND,11.8706179,57.7066385,TRUE,TRUE,TRUE,TRUE,,50,150
5ddd0da909ad0c0012911512,E A Rosengrens Gata 17 Västra frölunda VÄSTRA GÖTALAND,11.9358085,57.654922,TRUE,TRUE,TRUE,FALSE,,3.6,3.6
657547a47194eb27475e7ea1,Vattenfall - Göteborgsvägen 84 SÄVEDALEN VÄSTRA GÖTALAND,12.0748719,57.7329672,TRUE,FALSE,FALSE,TRUE,,100,100
643e043060ec9387ca566a81,Lona Knapes gata 1 Västra Frölunda NA,11.945514,57.6508359,TRUE,FALSE,FALSE,TRUE,,250,250
5ca4a7edad356b0011f08863,"5, Transistorgatan Västra frölunda VÄSTRA GÖTALAND",11.9204985,57.65809119999999,TRUE,TRUE,TRUE,FALSE,,22,22
612439a45e3f0400145b6739,Positivgatan 15 Västra Frölunda NA,11.9142016,57.6593685,FALSE,FALSE,FALSE,FALSE,,11,22
5bc3312b6ac45700109a3913,"28, Musikvägen Västra frölunda VÄSTRA GÖTALAND",11.9104752,57.66082549999999,TRUE,TRUE,TRUE,FALSE,,11,11
5ca4a933ad356b0011f0d597,"23, Barnhemsgatan Mölndal NA",12.0148066,57.6537344,TRUE,TRUE,TRUE,FALSE,,22,22
6427b12660ec9387cab2c4d6,"14, Idrottsvägen Broslätt NA",11.9906779,57.6502948,FALSE,FALSE,FALSE,FALSE,,11,22
64bcea487194eb2747b0a484,Lona Knapes gata 1  VÄSTRA FRÖLUNDA VÄSTRA GÖTALAND,11.948711,57.6510596,TRUE,FALSE,FALSE,FALSE,,0,0
61820368f8f2cd42dcb81d26,"22, Arnegårdsgatan Mölndal NA",11.9617146,57.64948419999999,FALSE,FALSE,FALSE,FALSE,,22,22
657547da7194eb27475e80ca,Alfagatan 7 MÖLNDAL VÄSTRA GÖTALAND,11.9825723,57.64880099999999,TRUE,FALSE,FALSE,FALSE,,11,11
64508d0e60ec9387ca94ff7b,Volvo Cars - PVH - Jakobs väg 7 GÖTEBORG VÄSTRA GÖTALAND,11.8660627,57.728298,TRUE,FALSE,FALSE,FALSE,,11,11
64f17ec77194eb27474375e7,"10, Åby Arenaväg Mölndal NA",12.0035262,57.6497758,FALSE,FALSE,FALSE,FALSE,,22,22
64508d0f60ec9387ca9502ad,Gustaf Larsons väg  GÖTEBORG VÄSTRA GÖTALAND,11.8628221,57.726937,TRUE,FALSE,FALSE,FALSE,,11,11
5bc331eb6ac45700109a8f9a,"21, Transportgatan Hisings backa VÄSTRA GÖTALAND",12.0012022,57.7714064,TRUE,TRUE,TRUE,TRUE,,22,50
5da2f7892003a8001968f8f7,"21, Jolengatan Mölndal NA",11.9619409,57.64818889999999,FALSE,FALSE,FALSE,FALSE,,NA,NA
6476c86960ec9387ca947a29,Jolengatan 21 Mölndal NA,11.9619409,57.64818889999999,FALSE,FALSE,FALSE,TRUE,,22,150
64508d1060ec9387ca950667,Gustaf Larsons väg  GÖTEBORG VÄSTRA GÖTALAND,11.8628221,57.726937,TRUE,FALSE,FALSE,FALSE,,11,11
5bc331296ac45700109a3770,"19, Transportgatan Hisings backa VÄSTRA GÖTALAND",12.001169,57.7680804,TRUE,TRUE,TRUE,FALSE,,3.6,3.6
64508d1060ec9387ca950652,Gustav Larssons väg -  GÖTEBORG VÄSTRA GÖTALAND,11.8628221,57.726937,TRUE,FALSE,FALSE,FALSE,,11,11
64f17eec7194eb27474381da,"10, Åby Arenaväg Mölndal NA",12.0035262,57.6497758,FALSE,FALSE,FALSE,FALSE,,22,22
64508d0d60ec9387ca94fda3,Volvo Cars PVÖL - John Bunyans väg 4 GÖTEBORG VÄSTRA GÖTALAND,11.868108,57.73337050000001,TRUE,FALSE,FALSE,FALSE,,3.7,3.7
5df8bc27f551f100130ed1ce,Åbyvägen 12 Mölndal NA,12.0035404,57.64910519999999,FALSE,FALSE,FALSE,FALSE,,22,22
5bc36aebc91426001057857d,Transportgatan 21 Gothenburg Västra Götalands län,12.0012022,57.7714064,TRUE,FALSE,FALSE,TRUE,,0,50
5bc330d36ac45700109a02c0,Gustaf Larsons väg Göteborg VÄSTRA GÖTALAND,11.8628221,57.726937,TRUE,TRUE,TRUE,FALSE,,11,11
657547b07194eb27475e7f59,Ytterhamnsvägen 1 GÖTEBORG VÄSTRA GÖTALAND,11.8582305,57.7026952,TRUE,FALSE,FALSE,TRUE,,350,350
657ffbb47194eb27473248b8,"18, Idrottsvägen Mölndal NA",11.9929207,57.6474161,FALSE,FALSE,FALSE,FALSE,,22,22
657ffbb47194eb27473248a7,"18, Idrottsvägen Mölndal NA",11.9929207,57.6474161,FALSE,FALSE,FALSE,FALSE,,22,22
64508d0e60ec9387ca94ffb0,Gustaf larssons väg 1 NA NA,12.1155371,57.9508766,TRUE,FALSE,FALSE,FALSE,,11,22
6344d002f59d7400259f8f3f,Jolengatan 1 Mölndal Västra Götalands län,11.9854191,57.6461161,TRUE,FALSE,FALSE,TRUE,,43,150
5bc330c26ac457001099f4f5,Volvo Jakobs Väg Göteborg VÄSTRA GÖTALAND,11.8624054,57.7287327,TRUE,TRUE,TRUE,FALSE,,11,11
5bc330dc6ac45700109a0884,"1, Jolengatan Mölndal NA",11.9854191,57.6461161,TRUE,TRUE,TRUE,TRUE,,43,50
628aec1165a5e7c65b6ff48b,Jolengatan 1 Mölndal VÄSTRA GÖTALAND,11.9854191,57.6461161,TRUE,TRUE,TRUE,TRUE,,150,150
5bc32e836ac457001098cac2,"3, Jolengatan Mölndal VÄSTRA GÖTALAND",11.983623,57.6458282,TRUE,TRUE,TRUE,TRUE,,22,50
6344d003f59d7400259f908c,Transportgatan 6 Gothenburg Västra Götalands län,11.9977683,57.7714229,TRUE,FALSE,FALSE,TRUE,,22,150
64bcea067194eb2747b09a55,"Gustaf Larsons väg 15, Markplan  GÖTEBORG VÄSTRA GÖTALAND",11.8611852,57.7277147,TRUE,FALSE,FALSE,FALSE,,22,22
64508d2160ec9387ca951548,Hängpilsgatan 6 VÄSTRA FRÖLUNDA VÄSTRA GÖTALAND,11.8791085,57.6704238,TRUE,FALSE,FALSE,FALSE,,11,11
6575479a7194eb27475e7e76,Östergärde industriväg 1 GÖTEBORG VÄSTRA GÖTALAND,11.8811058,57.7486607,TRUE,FALSE,FALSE,FALSE,,11,11
5bc330336ac457001099cf6c,Transportgatan Hisings backa VÄSTRA GÖTALAND,11.9977477,57.7703854,TRUE,TRUE,TRUE,TRUE,,22,50
64508d1060ec9387ca950385,Gustav Larssons Väg - Hisingen  GÖTEBORG VÄSTRA GÖTALAND,11.8628221,57.726937,TRUE,FALSE,FALSE,FALSE,,11,11
657547a57194eb27475e7ec2,Amazonvägen 10 GÖTEBORG VÄSTRA GÖTALAND,11.8550148,57.7220197,TRUE,FALSE,FALSE,FALSE,,22,22
5ca4a8d8ad356b0011f0ba04,"80, Södra Bergsgårdsgärdet Angered VÄSTRA GÖTALAND",12.0212049,57.7690456,TRUE,TRUE,TRUE,FALSE,,22,22
64508d1160ec9387ca95072d,Assar Gabrielssonsväg 9 GÖTEBORG VÄSTRA GÖTALAND,11.8572668,57.72368469999999,TRUE,FALSE,FALSE,FALSE,,11,22
5bc332006ac45700109a9a3d,Assar Gabrielssons väg Göteborg VÄSTRA GÖTALAND,11.856568,57.7234628,TRUE,TRUE,TRUE,FALSE,,11,11
63db306f88ba44ee75e46b2e,Transportgatan 8 Hisings Backa NA,11.9987565,57.77265319999999,FALSE,FALSE,FALSE,TRUE,,43,50
5c863ddd73b0cc0010d99245,Transportgatan 8 Hisings Backa NA,11.9987565,57.77265319999999,FALSE,FALSE,FALSE,TRUE,,43,50
5bc32f896ac4570010996144,"1, Frölunda torg Västra frölunda VÄSTRA GÖTALAND",11.9117117,57.6526057,TRUE,TRUE,TRUE,FALSE,,3.6,3.6
64508d1160ec9387ca9506f1,Volvo Cars - VB - Gustaf Larssons väg 28 GÖTEBORG VÄSTRA GÖTALAND,11.8569019,57.72496700000001,TRUE,FALSE,FALSE,FALSE,,11,11
64bcea077194eb2747b09ab9,Volvo Cars - VHK - Amazonvägen 10 GÖTEBORG VÄSTRA GÖTALAND,11.8547848,57.7217655,TRUE,FALSE,FALSE,FALSE,,22,22
64508d0f60ec9387ca95015a,Volvo Cars - PVD - Jakobs väg 17 GÖTEBORG VÄSTRA GÖTALAND,11.8583872,57.72811,TRUE,FALSE,FALSE,FALSE,,11,11
641934c860ec9387ca4b8243,Axel Adlers gata 2  VÄSTRA FRÖLUNDA VÄSTRA GÖTALAND,11.9340539,57.64769589999999,TRUE,FALSE,FALSE,FALSE,,11,11
657547da7194eb27475e8107,Lunnagårdsgatan 4 MÖLNDAL VÄSTRA GÖTALAND,11.9837573,57.64350090000001,TRUE,FALSE,FALSE,TRUE,,100,100
5bc32f906ac4570010996705,"1, Axel Adlers gata Västra frölunda VÄSTRA GÖTALAND",11.9330657,57.64756309999999,TRUE,TRUE,TRUE,FALSE,,3.6,22
604fdb2ad15e75001803c63f,Bärnstensgatan 3 Västra frölunda VÄSTRA GÖTALAND,11.8909396,57.66004309999999,TRUE,TRUE,TRUE,FALSE,,22,22
64a3b7d794c250b8c0b9d219,Transportgatan 23 Göteborg Västra Götaland,12.001955,57.7744836,TRUE,FALSE,FALSE,TRUE,,22,200
657547da7194eb27475e80ab,Kontrabasgatan 7 VÄSTRA FRÖLUNDA VÄSTRA GÖTALAND,11.8988565,57.6565197,TRUE,FALSE,FALSE,FALSE,,11,11
657547a57194eb27475e7f15,Östra Sörredsvägen 4 GÖTEBORG VÄSTRA GÖTALAND,11.849466,57.71564910000001,TRUE,FALSE,FALSE,FALSE,,11,11
5bc32e826ac457001098c9c7,Frölunda torg Västra frölunda VÄSTRA GÖTALAND,11.908973,57.6511063,TRUE,TRUE,TRUE,FALSE,,3.6,3.6
5bc3312f6ac45700109a3bb1,"2C, Lergöksgatan Västra frölunda VÄSTRA GÖTALAND",11.9027743,57.65477790000001,TRUE,TRUE,TRUE,FALSE,,11,11
64508d0e60ec9387ca94ff54,Volvo Cars - PVS - Gunnar Engellaus väg 19 GÖTEBORG VÄSTRA GÖTALAND,11.855222,57.72834779999999,TRUE,FALSE,FALSE,FALSE,,11,11
64bce9fb7194eb2747b09921,Transportgatan 23 HISINGS BACKA VÄSTRA GÖTALAND,12.0016038,57.7691209,TRUE,FALSE,FALSE,TRUE,,0,150
641934c860ec9387ca4b81b9,Näverlursgatan 36  VÄSTRA FRÖLUNDA VÄSTRA GÖTALAND,11.9108596,57.6513861,TRUE,FALSE,FALSE,FALSE,,22,22
5bc32fdf6ac4570010999dcb,"32B ,Aminogatan MÖLNDAL VÄSTRA GÖTALAND",11.9940036,57.64314629999999,TRUE,TRUE,TRUE,FALSE,,22,22
5bc32fea6ac457001099a421,Askims industriväg Askim VÄSTRA GÖTALAND,11.944207,57.6437921,TRUE,TRUE,TRUE,FALSE,,3.6,20
64508d0e60ec9387ca94fed7,Gunnar Engellaus Väg 21 GÖTEBORG VÄSTRA GÖTALAND,11.8556933,57.72935200000001,TRUE,FALSE,FALSE,FALSE,,11,11
64508d0f60ec9387ca9502bc,Volvo Cars - PVS - Gunnar Engellaus väg 19 GÖTEBORG VÄSTRA GÖTALAND,11.855222,57.72834779999999,TRUE,FALSE,FALSE,FALSE,,11,11
5bc330da6ac45700109a078c,Gunnar Engellaus Väg Göteborg VÄSTRA GÖTALAND,11.8528163,57.7267465,TRUE,TRUE,TRUE,FALSE,,11,11
5e4ec2d76b392c0012283ea2,Bondegärdet Angered VÄSTRA GÖTALAND,12.0262996,57.7704756,TRUE,TRUE,TRUE,FALSE,,3.6,3.6
5bc331ea6ac45700109a8f0e,Röra Byväg Göteborg VÄSTRA GÖTALAND,11.8559355,57.7323561,TRUE,TRUE,TRUE,FALSE,,11,11
5bc331fb6ac45700109a97f7,"99, Marconigatan Västra frölunda VÄSTRA GÖTALAND",11.9139626,57.64955459999999,TRUE,TRUE,TRUE,TRUE,,22,50
64508d0e60ec9387ca94fe60,Gunnar Engellaus väg 20 GÖTEBORG VÄSTRA GÖTALAND,11.8526575,57.7301651,TRUE,FALSE,FALSE,FALSE,,11,11
64508d1460ec9387ca9510ac,Östra Sörredsvägen 2 GÖTEBORG VÄSTRA GÖTALAND,11.8487213,57.7163698,TRUE,FALSE,FALSE,FALSE,,11,11
5e4ec39f6b392c001228418e,"32, Aminogatan Mölndal VÄSTRA GÖTALAND",11.9946363,57.6420064,TRUE,TRUE,TRUE,TRUE,,150,150
5bea4f864405f90018e1a08a,"99, Marconigatan Västra frölunda VÄSTRA GÖTALAND",11.9139626,57.64955459999999,TRUE,TRUE,TRUE,FALSE,,22,22
65374f857194eb2747b176b6,"Näsetvägen 1, Västra Frölunda Västra Frölunda NA",11.9165523,57.64889760000001,TRUE,FALSE,FALSE,TRUE,,60,300
64508d0d60ec9387ca94fd33,LA1 - Stenbyvägen -  GÖTEBORG VÄSTRA GÖTALAND,13.0077954,58.0798621,TRUE,FALSE,FALSE,FALSE,,11,11
5fb04bdef9bf800011f70452,Argongatan 2C Mölndal NA,12.0160596,57.6441265,FALSE,FALSE,FALSE,FALSE,,22,22
64508d1160ec9387ca950700,Gunnar Engellaus väg 1 GÖTEBORG VÄSTRA GÖTALAND,11.8489799,57.7247135,TRUE,FALSE,FALSE,FALSE,,11,11
6184a2bab5cf471df4a6d0fb,"26, Aminogatan  Mölndal NA",11.9976197,57.6421249,FALSE,FALSE,FALSE,TRUE,,320,320
650bdd197194eb2747e56dda,"2C, Argongatan Mölndal NA",12.0160596,57.6441265,FALSE,FALSE,FALSE,FALSE,,22,22
5bc330b66ac457001099ecef,"2, Hantverksvägen Askim VÄSTRA GÖTALAND",11.9494546,57.6425412,TRUE,TRUE,TRUE,FALSE,,3.6,3.6
5ddd0da809ad0c00129114ea,Datavägen 24 Askim VÄSTRA GÖTALAND,11.9578132,57.64086519999999,TRUE,TRUE,TRUE,FALSE,,3.6,3.6
64508d1360ec9387ca950be3,Huggåsvägen 5 GÖTEBORG VÄSTRA GÖTALAND,11.846971,57.7177233,TRUE,FALSE,FALSE,FALSE,,11,22
64508d0d60ec9387ca94fc70,Stora Parkeringen - Stenebyvägen -  GÖTEBORG VÄSTRA GÖTALAND,11.8914426,57.7551672,TRUE,FALSE,FALSE,FALSE,,3.7,3.7
5bc32efd6ac45700109915d6,"1, Gunnar Engellaus väg Göteborg VÄSTRA GÖTALAND",11.8489799,57.7247135,TRUE,TRUE,TRUE,FALSE,,7.4,7.4
64508d0c60ec9387ca94fc2e,LA-Porten - Volvo Lastvagnar Tuvefabriken -  GÖTEBORG VÄSTRA GÖTALAND,11.8906333,57.7590443,TRUE,FALSE,FALSE,FALSE,,11,11
64508d2360ec9387ca951769,Topasgatan 1d VÄSTRA FRÖLUNDA VÄSTRA GÖTALAND,11.9166069,57.6469158,TRUE,FALSE,FALSE,TRUE,,0,150
628aebf365a5e7c65b6fcaa0,"15A, Datavägen Askim VÄSTRA GÖTALAND",11.9520306,57.6404028,TRUE,TRUE,TRUE,FALSE,,22,22
64f17eed7194eb2747438222,"21, Aminogatan Solhem NA",NA,NA,FALSE,FALSE,FALSE,FALSE,,22,22
64bcea067194eb2747b09a12,Röra Byväg 7 GÖTEBORG VÄSTRA GÖTALAND,11.8513882,57.73341010000001,TRUE,FALSE,FALSE,FALSE,,11,11
64508d2560ec9387ca95183b,Hantverksvägen 15 NA NA,15.7883492,60.0138454,TRUE,FALSE,FALSE,FALSE,,3.7,22
64508d2460ec9387ca95181c,Ekonomivägen 1 ASKIM VÄSTRA GÖTALAND,11.9434815,57.64106890000001,TRUE,FALSE,FALSE,FALSE,,22,22
64508d2560ec9387ca95182c,Stora Åvägen 1 ASKIM VÄSTRA GÖTALAND,11.9426884,57.6409058,TRUE,FALSE,FALSE,FALSE,,11,11
5bc330b86ac457001099ee07,"15, Datavägen Askim VÄSTRA GÖTALAND",11.952231,57.639669,TRUE,TRUE,TRUE,FALSE,,3.6,3.6
64508d2660ec9387ca951b70,Ekonomivägen 5 ASKIM VÄSTRA GÖTALAND,11.9447993,57.6401791,TRUE,FALSE,FALSE,FALSE,,22,22
6575c26c7194eb27479ac55c,"2, Kikåsleden Mölndal NA",12.0499736,57.65108670000001,FALSE,FALSE,FALSE,FALSE,,22,22
64508d1060ec9387ca9503e2,Volvo Cars - CH P-hus Plan 2 - Gullkullen 2 GÖTEBORG VÄSTRA GÖTALAND,11.8468551,57.727113,TRUE,FALSE,FALSE,FALSE,,11,11
63eb08515d6a36cef78b2b2c,Karossvägen  GÖTEBORG VÄSTRA GÖTALAND,11.8442819,57.7229955,TRUE,FALSE,FALSE,FALSE,,11,11
64508d1060ec9387ca950670,VAKVN - Pressvägen - 2 GÖTEBORG VÄSTRA GÖTALAND,11.8449969,57.725356,TRUE,FALSE,FALSE,FALSE,,11,11
64508d1360ec9387ca950eb9,Volvo Cars - TC - Montörsvägen -  GÖTEBORG VÄSTRA GÖTALAND,11.8382933,57.7168441,TRUE,FALSE,FALSE,FALSE,,11,11
6575c26c7194eb27479ac56a,"4, Kikåsleden Mölndal NA",12.0487029,57.649632,FALSE,FALSE,FALSE,FALSE,,22,22
64f17eee7194eb27474382a7,"10, Möbelgatan Mölndal NA",12.028159,57.6430964,FALSE,FALSE,FALSE,FALSE,,22,22
64508d1260ec9387ca95090f,Volvo Cars - TJA - Monteringsvägen -  GÖTEBORG VÄSTRA GÖTALAND,11.842504,57.7202877,TRUE,FALSE,FALSE,FALSE,,11,11
64508d1260ec9387ca95097e,Fasadvägen null  GÖTEBORG VÄSTRA GÖTALAND,11.8404176,57.7202209,TRUE,FALSE,FALSE,FALSE,,11,11
64bcea077194eb2747b09b48,TB1 1 GÖTEBORG VÄSTRA GÖTALAND,11.8401718,57.7188507,TRUE,FALSE,FALSE,FALSE,,11,11
5bc331ea6ac45700109a8ed9,"43, Turkosgatan Västra frölunda VÄSTRA GÖTALAND",11.8965861,57.6486896,TRUE,TRUE,TRUE,FALSE,,11,11
64508d2160ec9387ca951553,Boråsvägen 8 MÖLNLYCKE VÄSTRA GÖTALAND,12.0902379,57.66983759999999,TRUE,FALSE,FALSE,TRUE,,43,50
64508d2560ec9387ca95184e,Entreprenörsstråket 10 MÖLNDAL VÄSTRA GÖTALAND,12.0263247,57.64001520000001,TRUE,FALSE,FALSE,FALSE,,11,11
5ddd0e3309ad0c0012911fc7,"5, Neongatan Mölndal VÄSTRA GÖTALAND",12.0179058,57.63892119999999,TRUE,TRUE,TRUE,FALSE,,3.6,3.6
64bcea067194eb2747b09a36,TLE parkering pressvägen 9 GÖTEBORG VÄSTRA GÖTALAND,11.8439022,57.72686919999999,TRUE,FALSE,FALSE,FALSE,,11,11
64bcea327194eb2747b09ef7,Nordsjön 27 GÖTEBORG VÄSTRA GÖTALAND,11.8373117,57.69312180000001,TRUE,FALSE,FALSE,FALSE,,11,22
5bc3312c6ac45700109a3975,"11, Taljegårdsgatan Mölndal VÄSTRA GÖTALAND",12.0216484,57.6376612,TRUE,TRUE,TRUE,FALSE,,11,11
657547a57194eb27475e7f01,Materialvägen null  GÖTEBORG VÄSTRA GÖTALAND,11.8347029,57.7150917,TRUE,FALSE,FALSE,FALSE,,11,11
5ddd0f6309ad0c00129128a4,"1-11, Talattagatan Västra frölunda VÄSTRA GÖTALAND",11.8507676,57.6687382,TRUE,TRUE,TRUE,FALSE,,3.6,3.6
64bcea327194eb2747b09f13,Nordsjön 15 GÖTEBORG VÄSTRA GÖTALAND,11.8330129,57.6911639,TRUE,FALSE,FALSE,FALSE,,11,11
5bc32fa46ac4570010997364,"24, Talattgatan Västra frölunda VÄSTRA GÖTALAND",11.848922,57.6692573,TRUE,TRUE,TRUE,FALSE,,3.6,3.6
64508d1360ec9387ca950b95,Volvo Cars - TX - Fördelarvägen 10 GÖTEBORG VÄSTRA GÖTALAND,11.828093,57.7186882,TRUE,FALSE,FALSE,FALSE,,11,11
64bcea077194eb2747b09b33,Fabriken TB4  GÖTEBORG VÄSTRA GÖTALAND,11.8303277,57.7202607,TRUE,FALSE,FALSE,FALSE,,11,11
5bc36a6bc914260010574f76,100 Nordatlanten Gothenburg NA,11.8273473,57.69614879999999,TRUE,FALSE,FALSE,FALSE,,22,22
64508d1260ec9387ca9508c3,Volo Cars TU - Fördelarvägen 10 GÖTEBORG VÄSTRA GÖTALAND,11.828093,57.7186882,TRUE,FALSE,FALSE,FALSE,,11,11
5bc330b36ac457001099eabd,"100, Nordatlanten Göteborg VÄSTRA GÖTALAND",11.8273473,57.69614879999999,TRUE,TRUE,TRUE,FALSE,,22,22
64508d2160ec9387ca9515f0,Tallspinnarevägen -  MÖLNLYCKE VÄSTRA GÖTALAND,12.1016723,57.6647498,TRUE,FALSE,FALSE,FALSE,,22,22
64bcea317194eb2747b09ecd,Godsgatan 6 GÖTEBORG VÄSTRA GÖTALAND,11.8204813,57.69922709999999,TRUE,FALSE,FALSE,FALSE,,22,22
64508d2060ec9387ca951499,Arendal Skans 4 GÖTEBORG VÄSTRA GÖTALAND,11.8195273,57.6963749,TRUE,FALSE,FALSE,FALSE,,11,11
64508d0d60ec9387ca94fd99,Arenavägen 22 PARTILLE VÄSTRA GÖTALAND,12.1232203,57.7408327,TRUE,FALSE,FALSE,FALSE,,11,11
5e4ec3266b392c00122840b6,"124, Marholmsvägen Askim VÄSTRA GÖTALAND",11.9205965,57.62822860000001,TRUE,TRUE,TRUE,FALSE,,11,11
5bc32fc86ac4570010998e11,"2, Kabelvägen Mölnlycke VÄSTRA GÖTALAND",12.1157921,57.66829130000001,TRUE,TRUE,TRUE,FALSE,,3.6,3.6
64508d2260ec9387ca95167b,Kyrkvägen 45 MÖLNLYCKE VÄSTRA GÖTALAND,12.1064521,57.65858739999999,TRUE,FALSE,FALSE,FALSE,,22,22
64508d2160ec9387ca95156d,Solstensgärdet 44 MÖLNLYCKE VÄSTRA GÖTALAND,12.117892,57.66855959999999,TRUE,FALSE,FALSE,FALSE,,22,22
5bc330b56ac457001099ec3b,"66, Gamla Kronvägen Partille VÄSTRA GÖTALAND",12.112475,57.7413811,TRUE,TRUE,TRUE,TRUE,,22,50
610b2c57e5799900138283f1,Hälleflundregatan 20 Västra Frölunda NA,11.856325,57.6483848,FALSE,FALSE,FALSE,FALSE,,10,22
64508d2060ec9387ca951488,Arendals Allé 31 GÖTEBORG VÄSTRA GÖTALAND,11.811731,57.69807429999999,TRUE,FALSE,FALSE,FALSE,,7.4,7.4
5bc36a92c914260010576bf2,Ramnebacken 55 Gbg NA,12.0335332,57.7907047,TRUE,FALSE,FALSE,TRUE,,50,50
641538dd60ec9387cac4daf8,Gamla Lillebyvägen 5B Torslanda NA,11.8260941,57.7499596,FALSE,FALSE,FALSE,FALSE,,11,11
63eb08525d6a36cef78b2db4,Allén 12 MÖLNLYCKE VÄSTRA GÖTALAND,12.116281,57.6603089,TRUE,FALSE,FALSE,FALSE,,22,22
64508d2260ec9387ca9516c3,Badhusgatan 1 MÖLNLYCKE VÄSTRA GÖTALAND,12.1135465,57.657466600000006,TRUE,FALSE,FALSE,FALSE,,22,22
5fbecd953327f00011bf663b,Säve Flygplatsväg 28 Säve NA,11.8644839,57.7773093,FALSE,FALSE,FALSE,FALSE,,22,22
60d0d75fdb454c00137a6af5,Säve Flygplatsväg 25 Säve VÄSTRA GÖTALAND,11.8625068,57.7766259,TRUE,TRUE,TRUE,FALSE,,22,22
64508d2260ec9387ca951699,Biblioteksgatan 14 MÖLNLYCKE VÄSTRA GÖTALAND,12.1159379,57.6580555,TRUE,FALSE,FALSE,FALSE,,22,22
5bc330ee6ac45700109a1575,"12, Badhusgatan Mölnlycke VÄSTRA GÖTALAND",12.1153193,57.65772119999999,TRUE,TRUE,TRUE,FALSE,,3.6,3.6
5ca4a7d0ad356b0011f0818d,Högaffelsgatan Angered VÄSTRA GÖTALAND,12.0518638,57.7937852,TRUE,TRUE,TRUE,FALSE,,3.6,3.6
64508d2360ec9387ca95170b,Lingonvägen 18 MÖLNLYCKE VÄSTRA GÖTALAND,12.1166709,57.65380630000001,TRUE,FALSE,FALSE,FALSE,,22,22
5bc331fd6ac45700109a98e3,Högaffelsgatan Angered VÄSTRA GÖTALAND,12.0518638,57.7937852,TRUE,TRUE,TRUE,TRUE,,22,50
5bc36a8ac91426001057675f,Högaffelsgatan  ANGERED VÄSTRA GÖTALAND,12.0518638,57.7937852,TRUE,FALSE,FALSE,TRUE,,12,50
64508d2360ec9387ca95171a,Bostadsområdet Förbo - Lingonvägen 7 MÖLNLYCKE VÄSTRA GÖTALAND,12.1161336,57.6524901,TRUE,FALSE,FALSE,FALSE,,22,22
64bcea497194eb2747b0a574,Skalldalsvägen 1B HOVÅS VÄSTRA GÖTALAND,11.9411933,57.61657880000001,TRUE,FALSE,FALSE,FALSE,,22,22
64508d2360ec9387ca951759,Båtsmansvägen 96 MÖLNLYCKE VÄSTRA GÖTALAND,12.1102881,57.6476865,TRUE,FALSE,FALSE,FALSE,,22,22
5bc32f0a6ac4570010991fc7,"3, Kastanjegården Angered VÄSTRA GÖTALAND",12.0249507,57.8041358,TRUE,TRUE,TRUE,FALSE,,3.6,3.6
64508d2360ec9387ca951745,Fårtickan 7 MÖLNLYCKE VÄSTRA GÖTALAND,12.1307335,57.6497545,TRUE,FALSE,FALSE,FALSE,,22,22
64508d2260ec9387ca9516f9,Flädervägen 1 MÖLNLYCKE VÄSTRA GÖTALAND,12.1397693,57.65536389999999,TRUE,FALSE,FALSE,FALSE,,22,22
64508d2360ec9387ca95172b,Skogsgläntan 51 MÖLNLYCKE VÄSTRA GÖTALAND,12.1421905,57.6506892,TRUE,FALSE,FALSE,FALSE,,22,22
64508d2a60ec9387ca9520cd,Björklundabacken 10 HOVÅS VÄSTRA GÖTALAND,11.9518969,57.60247679999999,TRUE,FALSE,FALSE,FALSE,,22,22
5ee2d05a14bc4a0013f18430,Gamla Flygplatsvägen 60 Torslanda NA,11.7723551,57.70952260000001,FALSE,FALSE,FALSE,FALSE,,22,22
64f17ed07194eb2747437a2a,"32, Knäckepilsvägen Kållered NA",12.0342458,57.6063535,FALSE,FALSE,FALSE,FALSE,,22,22
64508d1460ec9387ca9510ef,Gösta andrées gata 8 TORSLANDA VÄSTRA GÖTALAND,11.7724772,57.7105287,TRUE,FALSE,FALSE,FALSE,,22,22
5e8e649fd85dc200120bab33,Hovås Alle 10 Hovås NA,11.9535909,57.59929309999999,FALSE,FALSE,FALSE,FALSE,,22,22
657f5f437194eb2747b05c30,Hovås Allé Västra Götalands län Västra Götalands län,11.9526613,57.599964,TRUE,FALSE,FALSE,FALSE,,0,0
64508d2a60ec9387ca9520fc,Krogabäcksvägen 2 HOVÅS VÄSTRA GÖTALAND,11.9545142,57.59857599999999,TRUE,FALSE,FALSE,FALSE,,22,22
64508d2a60ec9387ca9520ec,Ekenleden 3 KÅLLERED VÄSTRA GÖTALAND,12.047127,57.60680009999999,TRUE,FALSE,FALSE,FALSE,,22,22
6344d001f59d7400259f8f2d,Ekenleden 1 Kållered Västra Götalands län,12.0519527,57.6017661,TRUE,FALSE,FALSE,TRUE,,43,50
5c8644ac73b0cc0010da09e1,Ekenleden 1 Kållered NA,12.0519527,57.6017661,FALSE,FALSE,FALSE,TRUE,,43,50
63db307d88ba44ee75e4787c,Ekenleden 1 Kållered NA,12.0519527,57.6017661,FALSE,FALSE,FALSE,TRUE,,43,50
63db307388ba44ee75e46ed1,Ekenleden 1 NA NA,12.0519527,57.6017661,FALSE,FALSE,FALSE,TRUE,,43,50
5bc331ff6ac45700109a99e2,"1, Ekenleden Kållered VÄSTRA GÖTALAND",12.0519527,57.6017661,TRUE,TRUE,TRUE,TRUE,,22,50
5bc32f8f6ac457001099662d,"3, Ekenleden Kållered VÄSTRA GÖTALAND",12.047127,57.60680009999999,TRUE,FALSE,FALSE,FALSE,,3.6,3.6
63b64b25245f61d7ca64dd4b,"1A, Ekenleden  Kållered NA",12.0533454,57.60152799999999,FALSE,FALSE,FALSE,TRUE,,150,150
64e441837194eb2747073547,Ekenleden 1A Kållered NA,12.0533454,57.60152799999999,TRUE,FALSE,FALSE,FALSE,,22,22
64f2d0767194eb27478db0b6,"88, Mattias väg Lindome NA",12.1018617,57.57556530000001,FALSE,FALSE,FALSE,FALSE,,22,22
5bc36a19c914260010572859,10 Lilla Kongahällavägen Kungälv NA,11.9983784,57.8580269,TRUE,FALSE,FALSE,TRUE,,150,150
5c156c6cf3df9600179b7d18,"10, Lilla Kongshällavägen Kungälv VÄSTRA GÖTALAND",11.9983784,57.8580269,TRUE,TRUE,TRUE,TRUE,,135,135
657547717194eb27475e7dc8,Torsbyvägen 12 YTTERBY VÄSTRA GÖTALAND,11.9178537,57.8589388,TRUE,FALSE,FALSE,FALSE,,11,11
64508d0960ec9387ca94f8bd,Runängsgatan 1 YTTERBY VÄSTRA GÖTALAND,11.9177675,57.85984180000001,TRUE,FALSE,FALSE,FALSE,,11,11
657547717194eb27475e7dd6,Nordtagsgatan 73 YTTERBY VÄSTRA GÖTALAND,11.8989507,57.8601084,TRUE,FALSE,FALSE,FALSE,,22,22
657547717194eb27475e7db2,Vidkärrsvägen 1 YTTERBY VÄSTRA GÖTALAND,11.9189247,57.86312909999999,TRUE,FALSE,FALSE,FALSE,,11,11
64508d0960ec9387ca94f8ae,Hällebergsgatan 70 YTTERBY VÄSTRA GÖTALAND,11.9109051,57.86234239999999,TRUE,FALSE,FALSE,FALSE,,22,22
6471822e60ec9387caa5d9ed,Bäckevägen 50-52 BOHUS-BJÖRKÖ NA,11.6789998,57.7359967,FALSE,FALSE,FALSE,FALSE,,22,22
64508d0a60ec9387ca94f8f3,Kärna torg/Syrenvägen -  KÄRNA VÄSTRA GÖTALAND,11.7913779,57.84406389999999,TRUE,FALSE,FALSE,FALSE,,22,22
5d97126f0ce4d200198bc3f6,Heinövallen 3-7 Hönö NA,11.6608768,57.6898123,FALSE,FALSE,FALSE,FALSE,,26.6,26.6
5d9712720ce4d200198bc402,Heinövallen 11 Hönö NA,11.6609305,57.6897941,FALSE,FALSE,FALSE,FALSE,,26.6,26.6
5d9712730ce4d200198bc408,Heinövallen 11 Hönö NA,11.6609305,57.6897941,FALSE,FALSE,FALSE,FALSE,,26.6,26.6
63eb084f5d6a36cef78b2a03,Torsby 170  KÄRNA VÄSTRA GÖTALAND,11.7795742,57.8420504,TRUE,FALSE,FALSE,FALSE,,7.4,7.4
5d9712700ce4d200198bc3fc,Hälsövägen 15 Öckerö NA,11.6582667,57.71075399999999,FALSE,FALSE,FALSE,FALSE,,11,22
5d9712de0ce4d200198bc5b6,Lammholmsvägen 8 Öckerö NA,11.656378,57.704722,FALSE,FALSE,FALSE,FALSE,,22,22
5c863dd373b0cc0010d9915f,Norgårdsvägen 6 Öckerö NA,11.6550399,57.7079505,FALSE,FALSE,FALSE,FALSE,,11,22
650fb3807194eb2747ab7504,Hässlavägen 1 Öckerö NA,11.653631,57.685457,FALSE,FALSE,FALSE,FALSE,,16,16
